{
    "width": 200,
    "height": 200,
    "mod": 2,
    "operation": "==",
    "index": "mirror",
    "sleep": 0,
    "transforms": [
        [
            [1, 0, -100],
            [0, 1, -100],
            [0, 0, 1]
        ],
        [
            [0.53558224451, -0.84448307227, 0],
            [0.84448307227, 0.53558224451, 0],
            [0, 0, 1]
        ],
        [
            [1, 0, 100],
            [0, 1, 100],
            [0, 0, 1]
        ]
    ]
}
